Pond,Pond Group,Complex
7/7A,7/7A,Napa-Sonoma Marshes Wildlife Area
A1,A1,Alviso
A10,"A9-15, IMP",Alviso
A11,"A9-15, IMP",Alviso
A12,"A9-15, IMP",Alviso
A13,"A9-15, IMP",Alviso
A14,"A9-15, IMP",Alviso
A15,"A9-15, IMP",Alviso
A16,A16-17,Alviso
A17,A16-17,Alviso
A19,Island Ponds,Alviso
A20,Island Ponds,Alviso
A21,Island Ponds,Alviso
A22,Warm Springs,Warm Springs
A23,Warm Springs,Warm Springs
A2E,Mountain View,Alviso
A2W,Mountain View,Alviso
A3N,Mountain View,Alviso
A3W,Mountain View,Alviso
A4,Mountain View,Alviso
A5,A5-A8S,Alviso
A6,A5-A8S,Alviso
A6A,,Alviso
A6B,,Alviso
A7,A5-A8S,Alviso
A8,A5-A8S,Alviso
A8/A7,A5-A8S,Alviso
A8S,A5-A8S,Alviso
A9,"A9-15, IMP",Alviso
AB1,Mountain View,Alviso
AB2,Mountain View,Alviso
"Alameda Point, CA",Alameda,Alameda County
"Alviso, CA",,Alviso
Cargill Salt Ponds,,
"Carmel River State Beach, CA",,Monterey Bay
CM,Mountain View,Alviso
CME,Mountain View,Alviso
CMW,Mountain View,Alviso
"Coronado Naval Base, CA",,San Diego County
Crescent Pond,Coyote Hills,Coyote Hills
Crittenden Marsh East,Mountain View,Alviso
Crittendon Marsh West,Mountain View,Alviso
"Crown Beach, Alameda, CA",Alameda,Alameda County
E1,South Eden Landing,Eden Landing
E10,Mt. Eden Creek,Eden Landing
E10B,,Eden Landing
E11,Mt. Eden Creek,Eden Landing
E11B,,Eden Landing
E12,Whales Tail,Eden Landing
E12B,,Eden Landing
E13,Whales Tail,Eden Landing
E13B,,Eden Landing
E14,Whales Tail,Eden Landing
E14B,Mt. Eden Creek,Eden Landing
E15B,Mt. Eden Creek,Eden Landing
E16B,Mt. Eden Creek,Eden Landing
E17B,,Eden Landing
E17C,,Eden Landing
E1B,,Eden Landing
E1C,2C System,Eden Landing
E2,South Eden Landing,Eden Landing
E20B,,Eden Landing
E2B,,Eden Landing
E2C,2C System,Eden Landing
E3B,,Eden Landing
E3C,2C System,Eden Landing
E4,South Eden Landing,Eden Landing
E4B,,Eden Landing
E4C,2C System,Eden Landing
E5,South Eden Landing,Eden Landing
E5B,,Eden Landing
E5C,2C System,Eden Landing
E6,E6,Eden Landing
E6A,Old Alameda Creek,Eden Landing
E6B,Old Alameda Creek,Eden Landing
E6B/E8 Levee,Old Alameda Creek,Eden Landing
E6BCR,,Eden Landing
E6C,South Eden Landing,Eden Landing
E7,South Eden Landing,Eden Landing
E7B,,Eden Landing
E7C,,Eden Landing
E8,Old Alameda Creek,Eden Landing
E8A,E8A,Eden Landing
E8B,,Eden Landing
E8X,E8X,Eden Landing
E8XN,Whales Tail,Eden Landing
E9,E9,Eden Landing
E9B,,Eden Landing
"Eden Landing Ecological Reserve, CA",,Eden Landing
FDW,,Hayward Shoreline
Foster City,San Mateo Bay,San Mateo County
"Half Moon Bay, CA",San Mateo Coast,San Mateo County
"Hayward, CA",,Alameda County
Hickory,N1/NPP1/Hickory,Dumbarton
"Hollywood Beach, CA",,Ventura County
Impoundment,Impoundment,Alviso
Inner Bair,Bair Island,Bair Island
"Jalama Beach County Park, CA",,Santa Barbara County
LETE,LETE,Hayward Shoreline
"Limantour Beach and Spit, CA",Point Reyes,Marin County
M1,M1-6,Mowry
M12,,Mowry
M13,,Mowry
M2,M1-6,Mowry
M3,M1-6,Mowry
M4,M1-6,Mowry
M5,M1-6,Mowry
M6,M1-6,Mowry
"McGrath State Beach, CA",,Ventura County
"Middle Harbor Shoreline Park, Oakland, CA",,Alameda County
Montezuma Wetlands,,Suisun Bay
"Morro Bay State Park, CA",,San Luis Obispo County
"Mountain View, CA",,Alviso
N1,N1/NPP1/Hickory,Dumbarton
N1A,,Dumbarton
N2,,Dumbarton
N2A,,Dumbarton
N3,,Dumbarton
N3A,,Dumbarton
N4,,Dumbarton
N4A,,Dumbarton
N4AA,,Dumbarton
N4AB,,Dumbarton
N4B,,Dumbarton
N5,,Dumbarton
N6,,Dumbarton
N7,,Dumbarton
N8,,Dumbarton
N9,,Dumbarton
NCM,NCM,Alviso
NPP1,N1/NPP1/Hickory,Dumbarton
OBN1,OBN1-21,Hayward Shoreline
OBN10,OBN1-21,Hayward Shoreline
OBN11,OBN1-21,Hayward Shoreline
OBN12,OBN1-21,Hayward Shoreline
OBN13,OBN1-21,Hayward Shoreline
OBN14,OBN1-21,Hayward Shoreline
OBN15,OBN1-21,Hayward Shoreline
OBN16,OBN1-21,Hayward Shoreline
OBN17,OBN1-21,Hayward Shoreline
OBN2,OBN1-21,Hayward Shoreline
OBN21,OBN1-21,Hayward Shoreline
OBN3,OBN1-21,Hayward Shoreline
OBN4,OBN1-21,Hayward Shoreline
OBN5,OBN1-21,Hayward Shoreline
OBN6,OBN1-21,Hayward Shoreline
OBN7,OBN1-21,Hayward Shoreline
OBN8,OBN1-21,Hayward Shoreline
OBN9,OBN1-21,Hayward Shoreline
"Ocean Beach, San Francisco, CA",,San Francisco
"Oceano Dunes State Vehicular Recreation Area, CA",,San Luis Obispo County
Outer Bair,Bair Island,Bair Island
Patterson Pond,Coyote Hills,Coyote Hills
R1,R1-2,Ravenswood
R2,R1-2,Ravenswood
R3,R3-5S,Ravenswood
R4,R3-5S,Ravenswood
R5,R3-5S,Ravenswood
R5S,R3-5S,Ravenswood
Ravenswood Slough,,Ravenswood
RSF2,RSF2,Ravenswood
"Salinas River National Wildlife Refuge, CA",,Monterey Bay
"Salinas River State Beach, CA",,Monterey Bay
San Leandro Marina,,Alameda County
"Seabright Beach, CA",,Monterey Bay
"Stinson Beach, CA",Point Reyes,Marin County
"Sunset State Beach, CA",,Monterey Bay
Unknown Crystallizer,,Eden Landing
Unknown Eden Landing,,Eden Landing
"Vandenberg Air Force Base, CA",,Santa Barbara County
Wingo Unit,,Napa-Sonoma Marshes Wildlife Area
"Zmudowski Beach State Park, CA",,Monterey Bay
